net,length_um
net9,778.34µm
net295,768.56µm
net297,768.06µm
net296,767.76µm
net298,767.36µm
net294,762.11µm
net260,761.18µm
net263,760.28µm
net259,758.72µm
net262,758.16µm
net8,757.26µm
net11,756.995µm
net1,755.94µm
net258,755.77µm
net261,755.18µm
net10,738.24µm
clk,729.57µm
net293,691.86µm
net7,515.54µm
net6,499.64µm
clknet_1_0__leaf_clk,476.4µm
net5,445.1µm
clknet_leaf_0_clk,426.54µm
clknet_1_1__leaf_clk,422.88µm
net4,385.74µm
clknet_leaf_4_clk,368.28µm
net3,366.5µm
net17,351.78µm
net2,345.52µm
clknet_leaf_6_clk,316.76µm
clknet_leaf_5_clk,315.695µm
clknet_leaf_12_clk,314.34µm
clknet_leaf_8_clk,311.22µm
clknet_0_clk,308.92µm
clknet_leaf_9_clk,302.06µm
clknet_leaf_1_clk,291.9µm
net16,282.9µm
clknet_leaf_7_clk,270.26µm
clknet_leaf_11_clk,268.325µm
clknet_leaf_2_clk,261.45µm
net267,229.91µm
net202,225.18µm
clknet_leaf_10_clk,211.98µm
net246,208.66µm
net84,207µm
net51,206.98µm
net191,195.08µm
net15,187.78µm
net62,185.86µm
net235,185.76µm
net13,181.86µm
net73,178.06µm
net213,170.56µm
net40,169.96µm
net287,161.88µm
net14,158.4µm
net257,155.7µm
net276,153µm
net264,150.68µm
net266,149.5µm
net288,148.37µm
net268,148.235µm
net290,144.455µm
net272,142.32µm
net265,141.18µm
net29,141.1µm
net275,139.66µm
net280,136.34µm
net289,135.08µm
net273,134.02µm
net285,133.33µm
net274,129.14µm
net278,126.14µm
net281,125.655µm
clknet_leaf_13_clk,123.42µm
net224,120.54µm
net279,120.26µm
net180,115.62µm
net269,114.74µm
net286,112.64µm
net292,112.26µm
net284,108.64µm
net182,103.9µm
net271,103.3µm
net291,96.24µm
net179,96.02µm
net283,94.18µm
net19,91.88µm
net12,91.24µm
net54,90.04µm
net217,89.84µm
net119,89µm
net227,88.74µm
net244,88.52µm
net64,88µm
net71,87.88µm
net58,87.16µm
net46,87.08µm
net110,86.12µm
net28,86.02µm
net232,85.9µm
net23,85.87µm
net36,85.78µm
net174,85.34µm
net250,85.32µm
net99,84.9µm
net270,84.48µm
net81,84.22µm
net181,84.12µm
net66,84µm
net240,83.78µm
net129,83.48µm
net215,83.08µm
net83,82.77µm
net146,82.7µm
net178,82.62µm
net93,82.06µm
net135,81.96µm
net76,81.94µm
net197,81.76µm
net101,81.48µm
net41,81.26µm
net48,81.26µm
net127,81.26µm
net222,81.08µm
net89,80.62µm
net130,80.22µm
net192,80.16µm
net234,79.66µm
net31,79.64µm
net111,79.42µm
net252,79.42µm
net199,78.66µm
net92,78.42µm
net209,78.28µm
net75,77.86µm
net116,77.28µm
net137,77.22µm
net230,76.52µm
net147,75.84µm
net107,75.38µm
net57,73.34µm
net513,73.16µm
net153,73.08µm
net277,72.96µm
net212,72.64µm
net205,72.34µm
net248,72.3µm
net446,71.36µm
net155,70.54µm
net52,69.12µm
net198,68.9µm
net134,68.86µm
net152,68.64µm
net177,68.4µm
net39,67.86µm
net187,67.82µm
net124,67.78µm
net26,67.66µm
net115,67.48µm
net22,66.98µm
net123,66.58µm
net150,65.98µm
net173,65.72µm
net80,65.02µm
net195,64.94µm
net140,64.36µm
net70,64.24µm
net35,63.82µm
net143,63.62µm
net231,63.6µm
net243,63.44µm
net196,63.38µm
net249,63.24µm
net203,63.14µm
net98,62.9µm
net183,62.52µm
net27,62.5µm
net142,62.46µm
net255,62.46µm
net79,61.76µm
net226,61.76µm
net44,61.1µm
net238,61.08µm
net216,61.04µm
net69,60.9µm
net34,60.84µm
net114,60.66µm
net53,60.42µm
net282,60.3µm
net88,60.26µm
net45,60.16µm
net133,59.74µm
net63,59.58µm
net18,59.5µm
net190,59.16µm
net105,58.82µm
net214,58.82µm
net239,58.75µm
net91,58.36µm
net184,58.36µm
net256,58.36µm
net74,58.24µm
net208,57.9µm
net109,57.58µm
net136,57.48µm
net233,57.24µm
net220,56.98µm
net164,56.9µm
net186,56.9µm
net97,56.655µm
net56,56.56µm
net61,56.32µm
net87,56.14µm
net154,55.42µm
net104,54.88µm
net126,54.64µm
net299,53.74µm
net185,53.58µm
net221,52.92µm
net251,52.58µm
net151,52.16µm
net176,51.2µm
net118,50.88µm
net312,50.16µm
net159,49.82µm
net145,49.56µm
net38,49.28µm
net165,49.16µm
net175,49.06µm
clknet_leaf_3_clk,47.92µm
net200,46.66µm
net204,46.6µm
net170,46.56µm
net122,45.88µm
net100,45.68µm
net317,45.54µm
net21,45.44µm
net141,44.9µm
net188,44.88µm
net30,44.04µm
net128,44.04µm
net194,43.88µm
net319,43.58µm
net211,43.52µm
net242,43.38µm
net42,42.14µm
net65,41.84µm
net47,41.5µm
net503,40.84µm
net149,40.54µm
net162,39.9µm
net68,39.54µm
net201,39.2µm
net106,39.04µm
net148,38.96µm
net55,38.86µm
net504,38.86µm
net225,38.62µm
net322,38.6µm
net33,38.22µm
net82,37.94µm
net160,37.94µm
net113,37.62µm
net96,37.52µm
net407,37.22µm
net50,36.82µm
net189,36.64µm
net156,36.54µm
net429,36.445µm
net206,36.32µm
net229,36.24µm
net138,35.86µm
net132,35.68µm
net207,35.68µm
net95,35.52µm
net120,35.52µm
net112,35.3µm
net193,35.3µm
net108,35.24µm
net72,34.995µm
net90,34.76µm
net139,34.68µm
net59,34.6µm
net25,34.56µm
net32,34.16µm
net37,34.12µm
net314,33.92µm
net94,33.7µm
net102,33.68µm
net228,33.32µm
net43,33.22µm
net121,33.22µm
net313,33.12µm
net247,33.06µm
net169,33µm
net86,32.84µm
net20,32.78µm
net49,32.78µm
net67,32.78µm
net77,32.78µm
net442,32.78µm
net85,32.3µm
net236,31.96µm
net218,31.66µm
net144,31.54µm
net78,31.48µm
net117,31.46µm
net131,31.4µm
net210,31.38µm
net254,30.82µm
net24,30.76µm
net219,30.74µm
net401,30.74µm
net60,30.46µm
net507,30.44µm
net506,29.74µm
net125,29.12µm
net157,28.98µm
net408,28.98µm
net522,28.74µm
net103,28.64µm
net441,28.64µm
net253,28.54µm
net163,28.24µm
net377,28.2µm
net241,28.1µm
net406,28.02µm
net237,27.76µm
net439,27.5µm
net223,27.3µm
net245,27.28µm
net511,27.14µm
net481,27.06µm
net305,27.02µm
net509,26.96µm
net376,26.92µm
net308,26.64µm
net316,26.42µm
net383,26.3µm
net477,26.24µm
net323,24.82µm
net508,24.78µm
net505,24.685µm
net471,24.66µm
net306,24.6µm
net394,24.42µm
net387,24.34µm
net412,24.32µm
net438,24.32µm
net485,24.12µm
net388,24.1µm
net324,23.96µm
net420,23.92µm
net427,23.84µm
net304,23.76µm
net158,23.62µm
net491,23.62µm
net161,23.58µm
net351,23.54µm
net393,23.42µm
net440,23.28µm
net403,22.965µm
net484,22.94µm
net301,22.86µm
net372,22.76µm
net486,22.6µm
net514,22.58µm
net367,22.52µm
net369,22.52µm
net428,22.52µm
net315,22.505µm
net478,22.505µm
net335,22.38µm
net417,22.38µm
net381,22.3µm
net436,22.3µm
net397,22.28µm
net349,22.26µm
net384,22.26µm
net166,22.08µm
net389,22.08µm
net451,22.08µm
net435,21.94µm
net464,21.78µm
net357,21.7µm
net466,21.7µm
net476,21.7µm
net331,21.625µm
net395,21.6µm
net432,21.6µm
net398,21.58µm
net497,21.58µm
net483,21.565µm
net392,21.46µm
net437,21.38µm
net469,21.365µm
net479,21.265µm
net363,21.24µm
net365,21.24µm
net374,21.24µm
net430,21.24µm
net450,21.24µm
net391,21.165µm
net385,21.16µm
net405,21.16µm
net487,21.045µm
net337,21µm
net338,20.98µm
net380,20.9µm
net518,20.705µm
net396,20.7µm
net402,20.7µm
net425,20.68µm
net480,20.68µm
net303,20.66µm
net422,20.66µm
net400,20.58µm
net492,20.58µm
net318,20.56µm
net378,20.56µm
net416,20.56µm
net462,20.56µm
net470,20.56µm
net488,20.56µm
net489,20.56µm
net329,20.54µm
net413,20.44µm
net473,20.44µm
net496,20.44µm
net321,20.32µm
net327,20.32µm
net341,20.32µm
net345,20.245µm
net490,20.245µm
net498,20.22µm
net326,20.2µm
net336,20.1µm
net521,20.06µm
net353,20µm
net320,19.98µm
net342,19.98µm
net332,19.88µm
net370,19.88µm
net414,19.86µm
net494,19.86µm
net168,19.82µm
net366,19.785µm
net460,19.785µm
net475,19.76µm
net344,19.64µm
net499,19.64µm
net399,19.565µm
net339,19.54µm
net449,19.54µm
net455,19.54µm
net375,19.52µm
net454,19.5µm
net346,19.42µm
net360,19.325µm
net411,19.32µm
net443,19.32µm
net467,19.32µm
net472,19.32µm
net510,19.32µm
net516,19.32µm
net410,19.3µm
net515,19.3µm
net448,19.24µm
net458,19.205µm
net343,19.2µm
net415,19.2µm
net333,19.18µm
net390,19.18µm
net354,19.08µm
net456,19.08µm
net465,19.08µm
net474,19.02µm
net459,18.985µm
net348,18.865µm
net501,18.865µm
net302,18.86µm
net330,18.86µm
net359,18.86µm
net361,18.86µm
net373,18.86µm
net431,18.86µm
net444,18.86µm
net362,18.84µm
net520,18.82µm
net347,18.765µm
net502,18.72µm
net358,18.625µm
net424,18.62µm
net453,18.62µm
net328,18.6µm
net371,18.5µm
net495,18.48µm
net493,18.405µm
net356,18.4µm
net364,18.4µm
net418,18.4µm
net419,18.4µm
net434,18.4µm
net447,18.4µm
net433,18.38µm
net350,18.24µm
net379,18.02µm
net500,17.945µm
net409,17.94µm
net519,17.94µm
net517,17.9µm
net457,17.72µm
net382,17.705µm
net426,17.485µm
net423,17.48µm
net461,17.34µm
net334,17.24µm
net368,17.02µm
net340,16.78µm
net386,16.78µm
net325,16.42µm
net352,16.2µm
net482,16.105µm
net355,15.96µm
net404,15.16µm
net468,14.92µm
net452,14.845µm
net445,14.5µm
net167,14.38µm
net421,14.26µm
net512,14.12µm
input_pc[14],14µm
net307,13.74µm
input_pc[6],13.2µm
net172,12.96µm
net300,12.4µm
input_pc[13],12.16µm
output_ai[101],12.14µm
output_ai[105],12.14µm
output_ai[117],12.14µm
output_ai[21],12.14µm
output_ai[41],12.14µm
output_ai[53],12.14µm
output_ai[61],12.14µm
output_ai[65],12.14µm
output_ai[69],12.14µm
output_ai[81],12.14µm
output_ai[85],12.14µm
output_ai[89],12.14µm
input_pc[5],11.7µm
input_pc[0],11.24µm
input_pc[1],11.24µm
input_pc[2],11.24µm
input_pc[3],11.24µm
input_pc[4],11.24µm
net311,11.24µm
net309,11.04µm
_171_,10.67µm
input_pc[12],10.32µm
output_ai[194],10.32µm
input_pc[7],9.98µm
input_pc[8],9.98µm
output_ai[32],9.98µm
output_ai[146],9.88µm
input_pc[10],9.86µm
input_pc[11],9.86µm
input_pc[15],9.86µm
input_pc[9],9.86µm
net463,9.6µm
output_ai[109],9.42µm
output_ai[125],9.42µm
output_ai[141],9.42µm
output_ai[153],9.42µm
output_ai[157],9.42µm
output_ai[165],9.42µm
output_ai[169],9.42µm
output_ai[17],9.42µm
output_ai[181],9.42µm
output_ai[185],9.42µm
output_ai[197],9.42µm
output_ai[201],9.42µm
output_ai[225],9.42µm
output_ai[229],9.42µm
output_ai[233],9.42µm
output_ai[237],9.42µm
output_ai[33],9.42µm
output_ai[37],9.42µm
output_ai[49],9.42µm
_221_,9.01µm
output_ai[104],8.96µm
output_ai[110],8.96µm
output_ai[111],8.96µm
output_ai[112],8.96µm
output_ai[114],8.96µm
output_ai[115],8.96µm
output_ai[116],8.96µm
output_ai[119],8.96µm
output_ai[120],8.96µm
output_ai[126],8.96µm
output_ai[127],8.96µm
output_ai[130],8.96µm
output_ai[131],8.96µm
output_ai[132],8.96µm
output_ai[135],8.96µm
output_ai[139],8.96µm
output_ai[142],8.96µm
output_ai[148],8.96µm
output_ai[150],8.96µm
output_ai[151],8.96µm
output_ai[155],8.96µm
output_ai[160],8.96µm
output_ai[162],8.96µm
output_ai[163],8.96µm
output_ai[164],8.96µm
output_ai[167],8.96µm
output_ai[16],8.96µm
output_ai[171],8.96µm
output_ai[172],8.96µm
output_ai[174],8.96µm
output_ai[176],8.96µm
output_ai[178],8.96µm
output_ai[179],8.96µm
output_ai[180],8.96µm
output_ai[183],8.96µm
output_ai[18],8.96µm
output_ai[190],8.96µm
output_ai[192],8.96µm
output_ai[195],8.96µm
output_ai[199],8.96µm
output_ai[19],8.96µm
output_ai[208],8.96µm
output_ai[20],8.96µm
output_ai[224],8.96µm
output_ai[226],8.96µm
output_ai[227],8.96µm
output_ai[228],8.96µm
output_ai[230],8.96µm
output_ai[231],8.96µm
output_ai[232],8.96µm
output_ai[234],8.96µm
output_ai[235],8.96µm
output_ai[236],8.96µm
output_ai[238],8.96µm
output_ai[239],8.96µm
output_ai[34],8.96µm
output_ai[35],8.96µm
output_ai[36],8.96µm
output_ai[38],8.96µm
output_ai[39],8.96µm
output_ai[40],8.96µm
output_ai[48],8.96µm
output_ai[4],8.96µm
output_ai[50],8.96µm
output_ai[59],8.96µm
output_ai[60],8.96µm
output_ai[64],8.96µm
output_ai[67],8.96µm
output_ai[68],8.96µm
output_ai[80],8.96µm
output_ai[88],8.96µm
output_ai[113],8.84µm
output_ai[121],8.84µm
output_ai[129],8.84µm
output_ai[133],8.84µm
output_ai[137],8.84µm
output_ai[145],8.84µm
output_ai[149],8.84µm
output_ai[161],8.84µm
output_ai[173],8.84µm
output_ai[177],8.84µm
output_ai[189],8.84µm
output_ai[193],8.84µm
output_ai[205],8.84µm
output_ai[209],8.84µm
output_ai[213],8.84µm
output_ai[217],8.84µm
output_ai[221],8.84µm
_233_,8.77µm
reset,8.61µm
output_ai[107],8.5µm
output_ai[13],8.5µm
output_ai[1],8.5µm
output_ai[3],8.5µm
output_ai[51],8.5µm
output_ai[5],8.5µm
output_ai[83],8.5µm
output_ai[99],8.5µm
output_ai[9],8.5µm
output_ai[122],8.38µm
output_ai[134],8.38µm
output_ai[138],8.38µm
output_ai[154],8.38µm
output_ai[158],8.38µm
output_ai[166],8.38µm
output_ai[170],8.38µm
output_ai[182],8.38µm
output_ai[186],8.38µm
output_ai[198],8.38µm
output_ai[202],8.38µm
output_ai[206],8.38µm
output_ai[210],8.38µm
output_ai[214],8.38µm
output_ai[218],8.38µm
output_ai[222],8.38µm
_185_,8.32µm
_007_,8.28µm
_080_,8.28µm
output_ai[0],8.04µm
output_ai[10],8.04µm
output_ai[12],8.04µm
output_ai[22],8.04µm
output_ai[23],8.04µm
output_ai[26],8.04µm
output_ai[28],8.04µm
output_ai[2],8.04µm
output_ai[42],8.04µm
output_ai[43],8.04µm
output_ai[54],8.04µm
output_ai[55],8.04µm
output_ai[6],8.04µm
output_ai[70],8.04µm
output_ai[71],8.04µm
output_ai[74],8.04µm
output_ai[75],8.04µm
output_ai[8],8.04µm
output_ai[90],8.04µm
output_ai[91],8.04µm
output_ai[94],8.04µm
output_ai[95],8.04µm
_100_,7.98µm
output_ai[123],7.92µm
output_ai[128],7.92µm
output_ai[136],7.92µm
output_ai[140],7.92µm
output_ai[143],7.92µm
output_ai[147],7.92µm
output_ai[152],7.92µm
output_ai[156],7.92µm
output_ai[159],7.92µm
output_ai[168],7.92µm
output_ai[175],7.92µm
output_ai[184],7.92µm
output_ai[187],7.92µm
output_ai[191],7.92µm
output_ai[196],7.92µm
output_ai[200],7.92µm
output_ai[203],7.92µm
output_ai[207],7.92µm
output_ai[211],7.92µm
output_ai[215],7.92µm
output_ai[219],7.92µm
output_ai[223],7.92µm
output_ai[25],7.92µm
output_ai[29],7.92µm
output_ai[45],7.92µm
output_ai[57],7.92µm
output_ai[73],7.92µm
output_ai[77],7.92µm
output_ai[93],7.92µm
output_ai[97],7.92µm
_212_,7.91µm
output_ai[100],7.58µm
output_ai[102],7.58µm
output_ai[103],7.58µm
output_ai[106],7.58µm
output_ai[108],7.58µm
output_ai[118],7.58µm
output_ai[11],7.58µm
output_ai[124],7.58µm
output_ai[144],7.58µm
output_ai[14],7.58µm
output_ai[15],7.58µm
output_ai[188],7.58µm
output_ai[204],7.58µm
output_ai[212],7.58µm
output_ai[216],7.58µm
output_ai[220],7.58µm
output_ai[24],7.58µm
output_ai[27],7.58µm
output_ai[30],7.58µm
output_ai[31],7.58µm
output_ai[44],7.58µm
output_ai[46],7.58µm
output_ai[47],7.58µm
output_ai[52],7.58µm
output_ai[56],7.58µm
output_ai[58],7.58µm
output_ai[62],7.58µm
output_ai[63],7.58µm
output_ai[66],7.58µm
output_ai[72],7.58µm
output_ai[76],7.58µm
output_ai[78],7.58µm
output_ai[79],7.58µm
output_ai[7],7.58µm
output_ai[82],7.58µm
output_ai[84],7.58µm
output_ai[86],7.58µm
output_ai[87],7.58µm
output_ai[92],7.58µm
output_ai[96],7.58µm
output_ai[98],7.58µm
_230_,7.51µm
_035_,7.17µm
_020_,7.06µm
_220_,6.98µm
_229_,6.83µm
_133_,6.72µm
_155_,6.53µm
_073_,6.48µm
_186_,6.36µm
net310,6.32µm
_222_,6.3µm
_137_,6.14µm
net171,6.14µm
_103_,6.11µm
_197_,6.11µm
_078_,6.02µm
_136_,5.96µm
_003_,5.9µm
_026_,5.9µm
_231_,5.67µm
_065_,5.61µm
_106_,5.61µm
_188_,5.61µm
_062_,5.56µm
_146_,5.56µm
_149_,5.56µm
_153_,5.56µm
_172_,5.56µm
_178_,5.56µm
_179_,5.56µm
_187_,5.56µm
_218_,5.46µm
_224_,5.36µm
_237_,5.21µm
_058_,5.15µm
_205_,5.15µm
_175_,5.14µm
_057_,5.1µm
_083_,5.1µm
_139_,5.1µm
_016_,5.04µm
_030_,5.02µm
_097_,5µm
_120_,4.97µm
_025_,4.93µm
_111_,4.93µm
_209_,4.93µm
_143_,4.88µm
_196_,4.76µm
_208_,4.76µm
_194_,4.73µm
_102_,4.54µm
_116_,4.54µm
_189_,4.54µm
_204_,4.54µm
_214_,4.54µm
_227_,4.53µm
_112_,4.51µm
_066_,4.44µm
_091_,4.27µm
_022_,4.22µm
_011_,4.08µm
_012_,4.08µm
_117_,4.08µm
_144_,4.08µm
_160_,4.08µm
_162_,4.08µm
_177_,4.08µm
_198_,4.08µm
_202_,4.08µm
_211_,4.08µm
_238_,4.08µm
_092_,4.05µm
_152_,4.05µm
_108_,3.76µm
_127_,3.76µm
_219_,3.76µm
_072_,3.71µm
_034_,3.42µm
_070_,3.35µm
_107_,3.35µm
_169_,3.35µm
_084_,3.3µm
_013_,3.23µm
_096_,3.23µm
_228_,3.23µm
_232_,3.2µm
_076_,3.13µm
_104_,3.13µm
_067_,2.89µm
_068_,2.89µm
_074_,2.89µm
_075_,2.89µm
_089_,2.89µm
_090_,2.89µm
_098_,2.89µm
_164_,2.89µm
_195_,2.89µm
_201_,2.89µm
_008_,2.84µm
_014_,2.84µm
_029_,2.84µm
_051_,2.84µm
_059_,2.84µm
_101_,2.84µm
_132_,2.84µm
_140_,2.84µm
_148_,2.84µm
_170_,2.84µm
_184_,2.84µm
_193_,2.84µm
_200_,2.84µm
_225_,2.84µm
_191_,2.77µm
_207_,2.74µm
_234_,2.72µm
_023_,2.69µm
_039_,2.69µm
_045_,2.69µm
_047_,2.69µm
_050_,2.69µm
_055_,2.69µm
_088_,2.69µm
_099_,2.69µm
_122_,2.69µm
_125_,2.67µm
_138_,2.67µm
_141_,2.67µm
_056_,2.62µm
_010_,2.5µm
_032_,2.5µm
_086_,2.5µm
_145_,2.5µm
_043_,2.43µm
_001_,2.38µm
_005_,2.38µm
_006_,2.38µm
_015_,2.38µm
_017_,2.38µm
_027_,2.38µm
_031_,2.38µm
_042_,2.38µm
_046_,2.38µm
_060_,2.38µm
_069_,2.38µm
_114_,2.38µm
_115_,2.38µm
_121_,2.38µm
_124_,2.38µm
_131_,2.38µm
_147_,2.38µm
_156_,2.38µm
_174_,2.38µm
_226_,2.38µm
_064_,2.28µm
_123_,2.28µm
_161_,2.28µm
_215_,2.28µm
_028_,2.23µm
_036_,2.23µm
_040_,2.23µm
_049_,2.23µm
_163_,2.23µm
_002_,2.21µm
_018_,2.21µm
_021_,2.21µm
_041_,2.21µm
_082_,2.21µm
_235_,2.21µm
_044_,2.16µm
_053_,2.16µm
_105_,2.16µm
_154_,2.16µm
_033_,2.04µm
_094_,2.04µm
_130_,2.04µm
_038_,1.82µm
_052_,1.82µm
_061_,1.82µm
_063_,1.82µm
_077_,1.82µm
_081_,1.82µm
_085_,1.82µm
_095_,1.82µm
_110_,1.82µm
_113_,1.82µm
_118_,1.82µm
_119_,1.82µm
_126_,1.82µm
_134_,1.82µm
_142_,1.82µm
_157_,1.82µm
_167_,1.82µm
_176_,1.82µm
_180_,1.82µm
_192_,1.82µm
_210_,1.82µm
_213_,1.82µm
_217_,1.82µm
_087_,1.75µm
_166_,1.75µm
_173_,1.7µm
_182_,1.7µm
_000_,1.36µm
_004_,1.36µm
_009_,1.36µm
_019_,1.36µm
_024_,1.36µm
_037_,1.36µm
_048_,1.36µm
_054_,1.36µm
_071_,1.36µm
_079_,1.36µm
_093_,1.36µm
_109_,1.36µm
_128_,1.36µm
_129_,1.36µm
_135_,1.36µm
_150_,1.36µm
_151_,1.36µm
_158_,1.36µm
_159_,1.36µm
_165_,1.36µm
_168_,1.36µm
_181_,1.36µm
_183_,1.36µm
_190_,1.36µm
_199_,1.36µm
_203_,1.36µm
_206_,1.36µm
_216_,1.36µm
_223_,1.36µm
_236_,1.36µm
_239_,1.36µm
